{
  "total_documents": 91,
  "embedding_dimension": 3072,
  "embedding_source": "Mock (random)",
  "sample_embedding": {
    "doc_id": "c27c31d0-72ed-4a95-afc8-a01bed867ab4",
    "embedding_length": 3072,
    "first_10_values": [
      -0.7727834098770658,
      -1.478956569067243,
      1.1119291036016947,
      -0.8078556872191454,
      -1.4257808645088477,
      0.2635650746545675,
      2.0210931542924633,
      -0.12142986005122187,
      -1.5013524931115916,
      -1.7161445781344848
    ]
  }
}